[
    {
        "image_url": "https://drive.google.com/uc?id=1Oeas2CVoczgfxxZ9LUgI-ySJrkakwcPm",
        "caption": "Un dibujo animado con dos personajes en una conversación intensa. Uno parece enfadado, mientras el otro está relajado, con una sonrisa y sosteniendo un cigarrillo en la mano."
    },
    {
        "image_url": "https://drive.google.com/uc?id=1QD_SNyLZ2JfYtf8ayRabR6nz7ioeV2xA",
        "caption": "Una escena animada donde dos personas discuten. Uno de ellos está apuntando hacia una tercera figura que parece estar tranquila y en silencio."
    },
    {
        "image_url": "https://drive.google.com/uc?id=17TCbljZDGCAP-BiPrAUQA--hJeDknwiF",
        "caption": "Una imagen de texto humorístico con referencias a un grupo de comediantes argentinos. El fondo es blanco, y las palabras están en un marco azul sencillo."
    },
    {
        "image_url": "https://drive.google.com/uc?id=1eqRZSJhL1zgGWVvdr6xJno_SYaMomh0G",
        "caption": "Un gráfico con tres fases representadas por emojis. La primera fase muestra un emoji asustado, la segunda tiene un signo de interrogación y la tercera un emoji feliz."
    },
    {
        "image_url": "https://drive.google.com/uc?id=170DRU_rmU-1kFnWb5r60Ej3Ow1R-fSv9",
        "caption": "Una caricatura de dos amigos hablando. Uno de ellos parece estar explicando algo muy serio mientras el otro escucha con una expresión confusa."
    },
    {
        "image_url": "https://drive.google.com/uc?id=1WlOFu_3Hi5PCWp5mQw25F6Nsev2qKyzl",
        "caption": "Una escena animada donde Dora la Exploradora está en un laberinto. Parece preocupada mientras observa el camino frente a ella, con obstáculos visibles alrededor."
    }
]
